"gene","MP4","P4","RP4","CP4","MP24","P24","RP24","CP24"
"Ackr4",-2.62993940943954,-1.97085365434048,-3.02680005934372,-2.0496307677246,-3.08576455377831,-5.58074849176377,-2.98913900736823,-3.77610398807316
"Actb",0.0976107966264223,0.16349873228288,-0.6959938131099,0.250961573533219,-0.0143552929770701,-0.400537929583729,-0.650764559116902,-0.495695162624069
"Adgre5",0.0285691521967709,0.713695814843359,-0.298658315564515,0.815575428862573,-1.70043971814109,-1.16349873228288,-0.485426827170242,-1.35049724708413
"Adora1",0.0976107966264223,-1.09085343045111,-1.70043971814109,-1.04264433740849,-2.22032995487956,-1.6507645591169,-3.05484847699562,-1.63226821549951
"Ahsg",-0.286881147788162,0.27500704749987,-0.650764559116902,-0.879705766282288,-3.94110631094643,-4.30888505741176,-4.83339613416323,-3.84899843040002
"Aif1",-1.73984810269933,-1.01435529297707,-0.650764559116902,-0.6959938131099,-0.807354922057604,-0.400537929583729,-0.839959587489532,-0.622930350920177
"Aimp1",-0.713695814843359,-1,-1.13750352374993,-0.53605290024021,-1.77820857639809,-1.50080205305716,-0.505890929729957,-1.4594316186373
"Apcs",1.09761079662642,2.56315813040281,1.0703893278914,1.60407132366886,-0.028569152196771,-0.454175893185802,-1.44890095114513,-0.189033824390017
"Apoa2",-0.7311832415722,0.956056652412403,-0.137503523749935,-1.35049724708413,-5.95163441683292,-6.52841503927998,-7.72430920101082,-6.62702310555406
"Apol7a",-0.176322772640463,-0.16349873228288,1.9560566524124,-0.137503523749935,0.863938450423972,2.50080205305716,1.67807190511264,1.50589092972996
"Apol8",3.82068956055921,2.52606881166759,2.1407786557828,3.91934008244201,-1.35614381022528,-1.78240856492737,-1.7311832415722,-1.51096191927738
"Areg",0.613531652917927,0.855989697308481,-0.356143810225275,1.4276061727819,-3.64731450954714,-2.12101540096137,-1.11103131238874,-2.72246602447109
"B2m",0.27500704749987,0.214124805352847,0.910732661902913,0.575312330687437,0.75702324650746,1.48542682717024,0.956056652412403,1.26303440583379
"Bcl6",-1.74846123300404,-0.985500430304885,-2.0703893278914,-1.51096191927738,-1.57531233068744,-1.89530262133331,-2.27202318906105,-1.87184364850932
"Blnk",-0.356143810225275,-0.641546029087524,-0.75702324650746,-0.432959407276106,-1.89141918684608,-2.30451104180995,-0.963474123974886,-1.91073266190291
"Bmp1",-1.15055967657538,-0.782408564927373,-1.17632277264046,-0.411426245726465,-2.31034012061215,-1.79493566280354,-1.43829285157915,-1.4594316186373
"Bmp2",-1.77399632511117,-1.0496307677246,-2.04614178164472,-1.15055967657538,-2.52105073690096,-3.07895134139482,-2.08065766334522,-1.65535182861255
"Bmp3",-2.790772037862,-1.65992455840238,-3.13093086982645,-2.02502879449152,-2.38956681176273,-3.30451104180995,-2.68257329734758,-2.62293035092018
"Bmp7",-1.52606881166759,-1.33913738491959,-3.32192809488736,-1.80322703643493,-1.99638874644762,-2.5033487351675,-0.765534746362977,-1.73984810269933
"C3",-0.389566811762726,-0.389566811762726,-1.40599235967584,-0.687060688339892,-1.20163386116965,-0.963474123974886,-2.24792751344359,-1.42223300068305
"C3ar1",-1.76977173924945,-1.18903382439002,-1.31614574229336,-0.933572638261024,-0.871843648509318,-1.68706068833989,-1.84398384404833,-1.52105073690096
"C4a",-0.16349873228288,-0.55581615506164,-0.584962500721156,-0.443606651475615,-0.0426443374084937,-0.344828496997441,-1.4905701304462,-0.863938450423972
"Cast",-1.0703893278914,-0.669026765509631,-1.21412480535285,-0.16349873228288,-1.9297909977186,-2.3533232911629,-2.01792190799726,-2.08746284125034
"Ccl1",0.333423733725192,0.214124805352847,1.34482849699744,0.839959587489532,1.16992500144231,0.748461233004036,-0.250961573533219,1.01435529297707
"Ccl11",1.82781902461732,1.70487196445635,1.93734439215023,1.77820857639809,-2.34482849699744,-2.86195536414487,-0.443606651475615,-2.02502879449152
"Ccl12",0.422233000683048,-0.765534746362977,1.6915341649192,0.575312330687437,0.464668267003444,3.13422093976063,-0.238786859587116,0.903038270112912
"Ccl17",1.07724299893246,-0.84799690655495,0.124328135002202,0.713695814843359,0.189033824390017,2.9560566524124,0.505890929729957,0.111031312388744
"Ccl19",1.95233356636969,0.669026765509631,1.99276843076892,1.97452931248388,-0.790772037862,0.189033824390017,0.20163386116965,0.263034405833794
"Ccl2",2.18903382439002,0.150559676575381,1.70929063572336,1.51601514700366,1.81147103052984,4.91934008244201,-0.238786859587116,2.19219416528334
"Ccl20",6.45532722030456,2.70265754339091,5.9413411054853,4.87085786436376,-1.47508488294878,4.24488705912353,-1.02147972741045,0.641546029087524
"Ccl22",0.505890929729957,-0.823749360308273,-0.748461233004036,0.070389327891398,-1.24488705912353,-0.53605290024021,-1.44360665147561,-1.02147972741045
"Ccl24",-0.443606651475615,-0.505890929729957,-1.33913738491959,-0.799087306074004,-0.516015147003665,-0.941106310946431,-1.93734439215023,-0.31034012061215
"Ccl25",-0.545968369105293,-0.344828496997441,-1.20789285164133,-1.25096157353322,-2.86195536414487,-2.04614178164472,-1.25096157353322,-2.5033487351675
"Ccl28",0.250961573533219,-0.839959587489532,0.263034405833794,-0.0426443374084937,0.0285691521967709,-0.815575428862572,-1.40053792958373,-0.0426443374084937
"Ccl3",2.25701061820602,-0.584962500721156,1.20163386116965,2.02856915219677,-0.137503523749935,2.50080205305716,-0.933572638261024,0.389566811762726
"Ccl4",3.38956681176273,0.575312330687437,2.790772037862,2.98002530023873,0.978195629681652,3.94110631094643,-1.36737106564853,1.26903314645524
"Ccl5",-9.11649991983887,-1.02856915219677,-1.06350294230616,-0.286881147788162,-1.63226821549951,-1.18269229751619,-0.948600847493355,-1.25701061820602
"Ccl6",1.25701061820602,0.516015147003665,0.263034405833794,0.765534746362977,-1.07724299893246,-0.879705766282288,-0.411426245726465,-1.13093086982645
"Ccl7",2.95419631038688,0.526068811667588,2.44095219802964,2.89336221076387,2.12101540096137,5.31723170022261,0.0565835283663675,2.6667565918848
"Ccl8",0.650764559116902,0.20163386116965,1.77399632511117,-0.799087306074004,0.53605290024021,1,0.565597175854225,1.86393845042397
"Ccl9",2.45154083301783,0.678071905112638,1.29278174922785,1.38956681176273,-2.35895882583233,0.432959407276106,-1.90689059560852,-1.65535182861255
"Ccr1",1.90689059560852,-0.0143552929770701,0.37851162325373,1.28688114778816,-0.895302621333307,0.722466024471091,-1.44890095114513,-0.565597175854225
"Ccr10",-3.23725777090037,-1.75274859140713,-2.73552217729654,-3.48284828306847,-1.63691458035588,-2.63923216324928,-1.48026512205446,-0.765534746362977
"Ccr2",-1.76553474636298,-1.76128527336162,-1.7311832415722,-1.31034012061215,-0.831877241191673,-1.35049724708413,-1.13093086982645,-0.871843648509318
"Ccr3",-2.1243281350022,-1.54596836910529,-1.55090066464752,-1.55581615506164,-1.46988597627446,-1.70043971814109,-2.0703893278914,-1.70043971814109
"Ccr4",-0.722466024471091,-1.85996954822103,-2.7158933705476,-0.604071323668861,-2.62527048937469,-2.94485844580754,-3.69488019279919,-3.07553263116736
"Ccr5",-1.81557542886257,-1.03562390973072,-1.02856915219677,-1.41683974191283,-0.575312330687437,0.263034405833794,-1.39506279951758,-0.55581615506164
"Ccr6",-0.704871964456353,-0.389566811762726,-1.79493566280354,-0.632268215499513,-1.23878685958712,-3.95326523901484,-1.76977173924945,-1.55581615506164
"Ccr7",0.333423733725192,-0.432959407276106,-1.62293035092018,-0.0143552929770701,-1.61353165291793,-1.57531233068744,-1.0496307677246,-1.73552217729654
"Ccr8",-0.238786859587116,-0.31034012061215,-0.505890929729957,0.516015147003665,-1.43295940727611,-2.66902676550963,-2.49825086752783,-0.214124805352847
"Ccr9",-0.704871964456353,-0.594548549550354,-0.485426827170242,-0.963474123974886,-2.07382023329167,-2.93922657772821,-2.59931779369823,-1.95977015521147
"Ccrl2",0.0840642647884745,-1.11103131238874,0.344828496997441,-0.0840642647884746,-1.44890095114513,-1.08406426478847,-1.75702324650746,-1.62293035092018
"Cd14",2.43829285157915,-0.298658315564515,1.31614574229336,1.51096191927738,-0.84799690655495,1.97452931248388,-0.632268215499513,-0.263034405833794
"Cd180",-1.52606881166759,-1.85199883711245,-1.84799690655495,-2.47508488294878,-0.584962500721156,-1.36176835941915,-1.80322703643493,-1.63226821549951
"Cd27",-1.32768736417605,-1.29865831556452,-2.15704371014558,-0.7311832415722,-1.89141918684608,-2.64846544302731,-1.85996954822103,-2.32192809488736
"Cd28",-0.84799690655495,-1.30451104180995,-2.0071955014042,-1.72683121703249,-1.65992455840238,-3.35895882583233,-3.51853513898218,-2.44360665147561
"Cd4",-0.432959407276106,-0.454175893185802,-1.53106949272595,-1.13750352374993,-0.495695162624069,-2.49825086752783,-2.46727948045998,-1.54596836910529
"Cd40",-0.545968369105293,-0.7311832415722,0.176322772640463,0.0565835283663675,-1.67355642399014,-0.604071323668861,-0.799087306074004,-1.77820857639809
"Cd40lg",-1.71808758396052,-0.799087306074004,-2.32768736417605,-1.33342373372519,-0.855989697308481,-1.87578006306849,-2.04264433740849,-1.73984810269933
"Cd70",-0.0976107966264223,1.18903382439002,-0.545968369105293,1.62293035092018,0.6959938131099,0.263034405833794,-0.722466024471091,0.53605290024021
"Cd74",1.25701061820602,1,0.831877241191673,1.33342373372519,-1.32192809488736,-1.72246602447109,-1.44360665147561,-1.57531233068744
"Cd86",-0.214124805352847,-0.53605290024021,0.333423733725192,-0.070389327891398,-1.43295940727611,-0.55581615506164,-1.46466826700344,-1.39506279951758
"Cebpb",1.06350294230616,0.344828496997441,-0.189033824390017,0.344828496997441,-2.32192809488736,-2.07382023329167,-2.40599235967584,-2.95977015521147
"Cer1",1.09761079662642,0.978195629681652,1.0703893278914,1.60407132366886,1.16992500144231,0.748461233004036,-0.250961573533219,1.01435529297707
"Cklf",-1,-0.356143810225275,0,0.53605290024021,-1.19534759832222,-1.32192809488736,-1.67807190511264,0.263034405833794
"Clcf1",-0.344828496997441,-0.432959407276106,-2.30742852519225,-0.495695162624069,-2.15055967657538,-2.09085343045111,-1.31034012061215,-1.70487196445635
"Cmtm1",0.773996325111173,1.68257329734758,0.411426245726465,0.505890929729957,1.16992500144231,0.748461233004036,-0.250961573533219,1.01435529297707
"Cmtm2a",1.09761079662642,0.978195629681652,1.0703893278914,1.60407132366886,1.16992500144231,0.748461233004036,-0.250961573533219,1.01435529297707
"Cntfr",-0.505890929729957,0.263034405833794,-0.344828496997441,-0.495695162624069,-2.0036022366802,-2.76341157447001,-2.38128337250378,-1.89530262133331
"Crp",0.575312330687437,0.454175893185802,0.545968369105292,1.08406426478847,-0.839959587489532,-0.333423733725192,-2.26002565596146,-1
"Csf1",-0.687060688339892,-1.38404980679516,-0.978195629681652,-0.678071905112638,-1.37295209791183,-1.18269229751619,-2.08746284125034,-1.91838623444635
"Csf2",1.6507645591169,1.14404636961671,2.07382023329167,1.14404636961671,-0.485426827170242,1.63691458035588,-0.722466024471091,1.48026512205446
"Csf2ra",-0.748461233004036,0.0565835283663675,-1.18269229751619,-0.028569152196771,-3.50080205305716,-3.61706334388818,-4.16671544496642,-3.05137210172103
"Csf3",7.56124975286471,5.21334728173344,4.90833256978243,6.83567147948162,-2.93922657772821,-0.565597175854225,-4.35825558670513,-3.09423606984577
"Csf3r",0.454175893185802,-1.0071955014042,-0.575312330687437,0.0143552929770701,-1.95977015521147,-1.26303440583379,-2.88166461932035,-2.01792190799726
"Ctf1",-1.18269229751619,-0.855989697308481,-1.48542682717024,-0.839959587489532,-2.95977015521147,-3.10097764772482,-2.31324585178756,-2.35049724708413
"Ctf2",-0.333423733725192,-1.22032995487956,-0.189033824390017,0.286881147788162,-1.72683121703249,-2.15380533607904,-2.21723071622067,-1.88362081628567
"Cx3cl1",-1.26903314645524,-1.04264433740849,-1.35049724708413,-1.23878685958712,-1.98550043030488,-3.34624777408278,-2.65535182861255,-2.27798474729977
"Cx3cr1",-2.73984810269933,-2.76765479823735,-2.72683121703249,-1.82781902461732,-0.124328135002202,-1.41683974191283,-1.11103131238874,-0.678071905112638
"Cxcl1",5.0232553523003,1.03562390973072,4.00539998774259,4.21412480535285,0.622930350920177,4.39574832817903,-0.400537929583729,1.65535182861255
"Cxcl10",4.68032435684402,2.06350294230616,5.94556088599388,3.92124588858559,3.90496571868403,6.76738996206572,-0.344828496997441,3.4235781709818
"Cxcl11",1.87184364850932,0.286881147788162,3.64731450954714,1.71808758396052,2.58976348698498,2.6507645591169,0.831877241191673,0.910732661902913
"Cxcl12",-1.76128527336162,-0.799087306074004,-2.16027483140859,-1.44890095114513,-1.98185265328974,-3.08406426478847,-2.61823865559545,-2.06695024392463
"Cxcl13",1.40053792958373,0.807354922057604,0.799087306074004,-0.941106310946431,-1.58976348698498,-0.333423733725192,-0.36737106564853,-0.933572638261024
"Cxcl14",-1.11769504266975,-0.910732661902913,-1.83187724119167,-0.0426443374084937,-1.70043971814109,-1.37851162325373,-0.956056652412403,-2.09761079662642
"Cxcl15",-1.15704371014558,-1.05658352836637,-1.27500704749987,-0.475084882948783,-2.06695024392463,-1.76128527336162,-1.41142624572647,-1.72246602447109
"Cxcl16",-0.356143810225275,-0.823749360308273,-1.0071955014042,-0.263034405833794,-1.6915341649192,-0.389566811762726,-1.51096191927738,-1.799087306074
"Cxcl2",4.72628628972067,1.78659636189081,3.4931349223055,4.06350294230616,0.678071905112638,5.0071955014042,-1.38956681176273,2.32768736417605
"Cxcl5",3.99276843076892,1.34482849699744,3.790772037862,3.94485844580754,1.96716860753263,5.77214959078454,-0.765534746362977,3.04614178164472
"Cxcl9",3.8073549220576,1.46988597627446,4.877744249949,3.17152710603881,3.81044310384517,5.72137265947682,1.28688114778816,3.38543103719352
"Cxcr1",-0.0143552929770701,-0.815575428862572,0.650764559116902,0.124328135002202,-0.55581615506164,-0.650764559116902,-0.298658315564515,-0.485426827170242
"Cxcr2",2.34482849699744,0.799087306074004,1.02147972741045,1.65992455840238,-1.28095631383106,0.722466024471091,-2.76553474636298,-0.475084882948783
"Cxcr3",-1.88752527074159,-1.44360665147561,-2.27500704749987,-1.20789285164133,-1.40053792958373,-2.11103131238874,-0.887525270741588,-1.73552217729654
"Cxcr4",-2.29278174922785,-1.21412480535285,-2.877744249949,-0.985500430304885,-1.58496250072116,-3.18745105402733,-1.31034012061215,-1.79493566280354
"Cxcr5",-1.13750352374993,-1.27500704749987,-1.58014548442338,-2.07382023329167,-1.4594316186373,-2.70265754339091,-3.37712374912949,-2.24792751344359
"Cxcr6",-0.925999418556223,-0.807354922057604,-1.26303440583379,-1.29865831556452,-1.94485844580754,-3.06522762277562,-3.36317107711924,-2.44095219802964
"Cybb",-1.48542682717024,-1.58014548442338,-1.30451104180995,-1.75702324650746,-1.38956681176273,-1.86393845042397,-3.11603199344711,-1.74416109557041
"Cyp26b1",-1.76553474636298,-2.90496571868403,-3.51475349843975,-0.7311832415722,-3.78764141448333,-4.83895176695194,-5.41852730210161,-6.38474058729238
"Dock2",-0.516015147003665,-0.782408564927373,-1.10433665981474,-0.575312330687437,-1.92599941855622,-2.82171021503467,-2.61823865559545,-1.73984810269933
"Ebi3",0.790772037862,-0.485426827170242,-0.214124805352847,-0.263034405833794,-1.57046293102604,-0.84799690655495,-0.978195629681652,-0.75702324650746
"Eda",-0.111031312388744,-0.632268215499513,-0.53605290024021,0,-1.16992500144231,-1.59454854955035,-2.58736499093646,-0.150559676575381
"Ephx2",1.26903314645524,0.565597175854225,0.263034405833794,-0.176322772640463,-1.17632277264046,-2.36737106564853,-1.25096157353322,-1.09085343045111
"Epo",1.09761079662642,0.978195629681652,1.0703893278914,1.60407132366886,1.16992500144231,0.748461233004036,-0.250961573533219,1.01435529297707
"Epor",-2.1243281350022,-1.44890095114513,-2.65535182861255,-1.35049724708413,-2.82984955984469,-4.1554254317472,-2.60644222813161,-2.37016428054021
"Erbb2",-1.4276061727819,-0.903038270112912,-2.44095219802964,-1.4276061727819,-1.38956681176273,-2.08065766334522,-1.78240856492737,-1.70929063572336
"Erbb2ip",-1.15055967657538,-0.84799690655495,-1.70929063572336,-0.84799690655495,-1.92599941855622,-2.36457243229586,-2.40871186102943,-2.31614574229336
"F11r",-0.978195629681652,-0.55581615506164,-1.21412480535285,-0.495695162624069,-1.56559717585423,-2,-1.94860084749336,-1.82374936030827
"F2",-0.400537929583729,-0.124328135002202,-0.604071323668861,-1.36176835941915,-3.90496571868403,-3.92884403671257,-3.83794324189103,-3.19377174339668
"F3",-0.111031312388744,-0.321928094887362,-0.659924558402378,0.0565835283663675,-1.70487196445635,0.150559676575381,-1.20789285164133,-1.58496250072116
"F8",-0.389566811762726,0.925999418556223,1.43829285157915,0.941106310946431,-0.505890929729957,-1.98185265328974,0.263034405833794,-1.05658352836637
"Fasl",-0.432959407276106,-0.84799690655495,0.53605290024021,0.238786859587116,-1.23878685958712,-1.38956681176273,-0.84799690655495,-0.632268215499513
"Fgf1",0.22650852980868,0.16349873228288,-0.0143552929770701,0.910732661902913,-1.86789646399265,-1.38404980679516,-0.475084882948783,-1.63691458035588
"Fgf10",-1.32192809488736,-1.0496307677246,-2.29278174922785,-1.17632277264046,-0.704871964456353,-1.89917563048051,-1.18269229751619,-1.88752527074159
"Fgf12",0.704871964456353,0.53605290024021,0.443606651475615,0.286881147788162,-1.17632277264046,-2.64616265715789,-1.83995958748953,-1.16992500144231
"Fgf2",-1.59454854955035,-1.23266075679027,-1.75702324650746,-1.67807190511264,-1.98550043030488,-2.43028527297778,-2.48284828306847,-2.15380533607904
"Fgf3",0.910732661902913,-0.176322772640463,1.14404636961671,0.454175893185802,0.807354922057604,0.613531652917927,-0.613531652917927,1.21412480535285
"Fgf4",1.09761079662642,0.978195629681652,1.0703893278914,1.60407132366886,1.16992500144231,0.748461233004036,-0.250961573533219,1.01435529297707
"Fgf5",-0.0143552929770701,-1.16349873228288,-0.84799690655495,0.070389327891398,1.16992500144231,0.748461233004036,-0.250961573533219,1.01435529297707
"Fgf6",1.09761079662642,1.0496307677246,1.54101915313356,3.13093086982645,-0.933572638261024,-1.36737106564853,-1.40599235967584,1.07724299893246
"Fgf7",-1.43829285157915,-0.137503523749935,-1.55581615506164,-0.722466024471091,-1,-1.38956681176273,-1.38404980679516,-1.799087306074
"Fgf8",-0.250961573533219,-0.37851162325373,0.0565835283663675,0.250961573533219,1.16992500144231,0.748461233004036,-0.250961573533219,1.01435529297707
"Fgf9",-0.16349873228288,-0.879705766282288,0.389566811762726,-0.37851162325373,-1.47508488294878,-1.91838623444635,-2.03913839390696,-1.71808758396052
"Figf",-0.678071905112638,-0.36737106564853,0.0565835283663675,-0.189033824390017,-1.6915341649192,-2.01435529297707,-1.28095631383106,-1.71369581484336
"Flt3l",-2.20163386116965,-1.20789285164133,-2.48284828306847,-1.74846123300404,-2.20476675065461,-2.87970576628229,-2.21101219348551,-2.24184018356467
"Fn1",-0.137503523749935,0.124328135002202,-0.545968369105293,-0.070389327891398,-1.50080205305716,-2.40053792958373,-1.70043971814109,-1.87184364850932
"Fos",-1.36176835941915,-1.4905701304462,-2.42492208821069,-1.36176835941915,-1.88362081628567,-1.78659636189081,-0.84799690655495,-1.56559717585423
"Fpr1",-0.454175893185802,-1.06350294230616,-0.641546029087524,-0.344828496997441,-1.52606881166759,-0.22650852980868,-1.34482849699744,-1.74846123300404
"Gapdh",-0.37851162325373,-0.37851162325373,-0.214124805352847,-0.823749360308273,-0.739848102699327,-1.08406426478847,-0.31034012061215,-0.773996325111173
"Gdf1",-0.992768430768924,-0.400537929583729,-1.92219784839637,-0.400537929583729,-1.64154602908752,-2.06004738366994,-2.57531233068744,-2.50589092972996
"Gdf2",0.978195629681652,0.855989697308481,0.948600847493356,1.4905701304462,1.16992500144231,0.748461233004036,-0.250961573533219,1.01435529297707
"Gdf3",1.09761079662642,0.978195629681652,1.0703893278914,1.60407132366886,1.11769504266975,0.687060688339892,-0.298658315564515,0.963474123974886
"Gdf5",0.321928094887362,0.604071323668861,0.687060688339892,0.669026765509631,-2.48542682717024,-3.06004738366994,-2.93734439215023,-3.4235781709818
"Gdf6",0.0285691521967709,-0.321928094887362,-0.650764559116902,-0.111031312388744,0.432959407276106,0.0143552929770701,-0.985500430304885,0.27500704749987
"Gdf7",0.263034405833794,-0.687060688339892,-0.124328135002202,0.575312330687437,-3.10768786931437,-3.53231695933277,-4.52606881166759,-3.26153081524341
"Gdf9",0.124328135002202,-0.286881147788162,-0.863938450423972,0.604071323668861,-3.54225804976692,-1.55090066464752,-0.516015147003665,-1.11103131238874
"Gfra1",-1.16349873228288,-0.799087306074004,-1.59454854955035,-1.16992500144231,-1.58496250072116,-3.52857131887076,-1.63691458035588,-2.18586654531133
"Gfra2",-1.8073549220576,-1.19534759832222,-1.98550043030488,-1.33342373372519,-1.65535182861255,-2.52857131887076,-2.53106949272595,-1.81966818349646
"Ghr",-1.19534759832222,-1.0071955014042,-1.17632277264046,-0.632268215499513,-2.09423606984577,-2.22032995487956,-1.6915341649192,-2.15704371014558
"Glmn",-1.17632277264046,-1.09761079662642,-1.52606881166759,-0.739848102699327,-1.53106949272595,-3.06177619758669,-1.91073266190291,-2.46466826700344
"Gpi1",-0.124328135002202,-0.411426245726465,-0.933572638261024,-0.263034405833794,-1.99276843076892,-2.09761079662642,-1.43829285157915,-1.80322703643493
"Gpr68",-1.35614381022528,-0.176322772640463,-0.748461233004036,-0.443606651475615,0.831877241191673,-2.94860084749336,-2.25398926623079,-1.87184364850932
"Grem1",0.6959938131099,0.298658315564515,-0.238786859587116,-0.594548549550354,-1.13093086982645,-2.73768676140986,-3.20789285164133,-1.41683974191283
"Grem2",-1.91073266190291,-0.903038270112912,-2.11103131238874,-0.956056652412403,-1.32768736417605,-2.76765479823735,-1.77820857639809,-1.98185265328974
"Grn",-0.464668267003444,-0.250961573533219,-0.516015147003665,0.137503523749935,-1.26303440583379,-0.879705766282288,-1.25096157353322,-1.23878685958712
"Gusb",-1.48542682717024,-0.790772037862,-2.06004738366994,-1.10433665981474,-0.0565835283663676,-0.622930350920177,-0.028569152196771,-0.7311832415722
"Hdac4",-0.799087306074004,-0.839959587489532,-1.54596836910529,-0.773996325111173,-1.92599941855622,-2.97636363573276,-2.12763327972587,-1.92219784839637
"Hdac5",-1.41683974191283,-1.0071955014042,-2.01792190799726,-0.687060688339892,8.68158981722124,8.38482691160301,9.30318711227743,8.5988713462118
"Hdac7",-0.910732661902913,-0.545968369105293,-0.782408564927373,0.389566811762726,-2.4541758931858,-1.31034012061215,-1.05658352836637,-1.44890095114513
"Hdac9",-1.95977015521147,-1.58976348698498,-2.07724299893246,-1.78659636189081,-1.27500704749987,-2.48542682717024,-1.80322703643493,-2.30158764660319
"Hrh1",-2.57531233068744,-1.6915341649192,-2.48800077083407,-1.36737106564853,-1.7311832415722,-1.0703893278914,-1.1243281350022,-1.85199883711245
"Hsp90ab1",0.650764559116902,0.432959407276106,-0.53605290024021,0.6959938131099,0.495695162624069,-0.0426443374084937,0.895302621333307,0.070389327891398
"Ifna11",-0.594548549550354,-0.713695814843359,-0.622930350920177,-0.0840642647884746,-0.36737106564853,-0.799087306074004,-1.790772037862,-0.526068811667588
"Ifna14",1.09761079662642,0.978195629681652,1.0703893278914,1.60407132366886,1.16992500144231,0.748461233004036,-0.250961573533219,1.01435529297707
"Ifna2",-2.08406426478847,-3.41683974191283,-1.7311832415722,-2.48026512205446,1.16992500144231,0.748461233004036,-0.250961573533219,1.01435529297707
"Ifna4",0.526068811667588,0.22650852980868,0.367371065648529,1.13750352374994,0.356143810225275,0.918386234446348,-1.46466826700344,0.400537929583729
"Ifna9",1.13093086982645,0.978195629681652,1.0703893278914,1.60407132366886,1.16992500144231,0.748461233004036,-0.250961573533219,1.01435529297707
"Ifnab",-0.028569152196771,-1.83995958748953,-0.53605290024021,-0.286881147788162,1.16992500144231,0.748461233004036,0.782408564927373,1.01435529297707
"Ifnar1",-1.32768736417605,-1.23266075679027,-2.4905701304462,-1.24488705912353,-2.14404636961671,-2.55581615506164,-2.47248777146274,-2.59454854955035
"Ifnar2",-1.15055967657538,-1.29865831556452,-1.9560566524124,-1.02147972741045,-1.76553474636298,-1.74846123300404,-1.70487196445635,-2.04264433740849
"Ifnb1",4.10097764772482,2,3.95698592461258,3.62993940943954,1.16992500144231,3.15380533607904,-0.250961573533219,1.01435529297707
"Ifne",0.6959938131099,0.575312330687437,0.669026765509631,1.20789285164133,1.16992500144231,0.748461233004036,-0.250961573533219,1.01435529297707
"Ifng",-0.485426827170242,-1.92219784839637,-1.46988597627446,-0.790772037862,-1.68706068833989,-2.11103131238874,-0.464668267003444,-1.32192809488736
"Ifngr1",-0.286881147788162,-0.659924558402378,-1.20163386116965,-0.0840642647884746,-2.04264433740849,-1.62293035092018,-1.15704371014558,-2.26603689399532
"Ifngr2",-1.23878685958712,-1.17632277264046,-2.06004738366994,-0.748461233004036,-2.17312743348066,-2.20476675065461,-2.06004738366994,-2.44095219802964
"Ifnk",-2.08406426478847,-1.63691458035588,-2.39506279951758,-2.27500704749987,-1.84799690655495,-3.15218341905505,-3.13586316536868,-2.54101915313356
"Ifnlr1",-0.863938450423972,-0.6959938131099,-1.76977173924945,-0.263034405833794,-2.88947354253111,-3.16027483140859,-3.1407786557828,-3.68257329734758
"Ik",-2.38128337250378,-0.933572638261024,-2.1243281350022,-1.33342373372519,-1.23878685958712,-4.2502036564993,-1.38404980679516,-2.4032677223393
"Il10",1.1243281350022,0.641546029087524,1.08406426478847,1.26303440583379,-0.137503523749935,-0.55581615506164,-1.55581615506164,-0.286881147788162
"Il10ra",0.27500704749987,-0.505890929729957,-0.37851162325373,0.150559676575381,-0.650764559116902,-1.17632277264046,-2.10768786931437,-1.48026512205446
"Il10rb",-1.57046293102604,-1.57531233068744,-2.57288966842058,-1.50589092972996,-2.62058641045188,-2.611172380044,-1.97452931248388,-2.42223300068305
"Il11",-0.070389327891398,-1.07724299893246,-1.91838623444635,-0.124328135002202,0.411426245726465,-0.0143552929770701,-1.0071955014042,0.263034405833794
"Il11ra1",-1.15055967657538,-0.214124805352847,-0.75702324650746,0.443606651475615,-4.73552217729654,-4.56985560833095,-2.74200621086674,-3.6564963705535
"Il12a",-1.49569516262407,-1.13093086982645,-1.67355642399014,-0.475084882948783,4.69320814891002,3.89917563048051,5.03386345186628,4.78450398292957
"Il12b",-2.37016428054021,-1.11769504266975,-1.81147103052984,-2.32768736417605,0.910732661902913,-0.454175893185802,0.189033824390017,-0.189033824390017
"Il12rb1",1.26903314645524,-0.137503523749935,0.985500430304885,0.495695162624069,1.16992500144231,0.748461233004036,-0.250961573533219,1.01435529297707
"Il12rb2",0.0143552929770701,0.584962500721156,-0.0143552929770701,0.526068811667588,-1.0703893278914,-1.49569516262407,-2.48800077083407,-1.18903382439002
"Il13",-0.27500704749987,-1.13750352374993,-1.67807190511264,0.389566811762726,-0.150559676575381,-1.58976348698498,-0.454175893185802,-1.27500704749987
"Il13ra1",-0.713695814843359,-0.933572638261024,-1.07724299893246,-0.713695814843359,-1.58014548442338,-0.713695814843359,-1.68257329734758,-1.15704371014558
"Il13ra2",1.09761079662642,0.978195629681652,1.0703893278914,1.60407132366886,0.150559676575381,-0.27500704749987,-1.26903314645524,0
"Il15",-1.4541758931858,-0.941106310946431,0.137503523749935,-0.748461233004036,-2.31034012061215,-2.22342254993494,-1.9560566524124,-2.06695024392463
"Il15ra",-0.613531652917927,-0.495695162624069,-0.111031312388744,-0.650764559116902,-1.62760683812965,-1.52606881166759,-1.90303827011291,-1.799087306074
"Il16",-0.594548549550354,-0.250961573533219,-1.56559717585423,-0.0976107966264223,-1.799087306074,-3.36176835941915,-2.34766565630097,-2.45680614923047
"Il17a",2.26903314645524,0.978195629681652,1.0703893278914,1.60407132366886,1.16992500144231,0.748461233004036,-0.250961573533219,1.01435529297707
"Il17b",-2.02856915219677,-0.839959587489532,-2.78031009904338,-2.43829285157915,-1.54596836910529,-0.887525270741588,-1.26303440583379,-1.70043971814109
"Il17c",1.86393845042397,0.815575428862573,1.94860084749336,0.807354922057604,0.594548549550354,0.176322772640463,0.659924558402378,1.09085343045111
"Il17d",-0.641546029087524,-0.432959407276106,-0.622930350920177,-0.111031312388744,-3.79389588254888,-4.52669484554198,-3.32481060342048,-1.84799690655495
"Il17f",1.71808758396052,0,1.74846123300404,1.17632277264046,0.0565835283663675,1.78659636189081,0.815575428862573,1.37295209791183
"Il17ra",-0.150559676575381,-0.464668267003444,-1.18269229751619,-0.27500704749987,-1.43829285157915,-1.36737106564853,-2.61588707391606,-2.17951105027151
"Il17rb",-1.15055967657538,-1.81966818349646,-1.55581615506164,-1.34482849699744,-1.38956681176273,-2.30451104180995,-1.81966818349646,-1.82374936030827
"Il18",-0.632268215499513,-0.411426245726465,-0.0976107966264223,-0.687060688339892,-1.89917563048051,-1.81557542886257,-0.895302621333307,-1.84398384404833
"Il18r1",-0.933572638261024,-0.75702324650746,-1.16992500144231,-0.565597175854225,-1.23266075679027,-0.823749360308273,-2.15055967657538,-2.01077983875324
"Il18rap",0.748461233004036,-0.27500704749987,-0.263034405833794,0.485426827170242,-1.97452931248388,-0.799087306074004,-2.49569516262407,-1.92599941855622
"Il19",1.02856915219677,1.19534759832222,1,1.82781902461732,1.16992500144231,0.748461233004036,-0.250961573533219,1.01435529297707
"Il1a",0.918386234446348,-0.485426827170242,0.321928094887362,0.678071905112638,-2.13750352374994,-0.411426245726465,-0.454175893185802,-1.43829285157915
"Il1b",1.83995958748953,-0.782408564927373,0.176322772640463,0.985500430304885,-1.44360665147561,0.516015147003665,-2.44360665147561,-1.4541758931858
"Il1f10",0.970853654340484,0.75702324650746,1.10433665981474,0.678071905112638,2.25701061820602,5.6055535954944,4.78711898281334,6.35649598770558
"Il1f5",1.76128527336162,1.66902676550963,2.04264433740849,1.6507645591169,1.16992500144231,1.57531233068744,2.93168305705981,2.78868571061353
"Il1f6",1.09761079662642,0.978195629681652,1.0703893278914,1.60407132366886,1.16992500144231,0.748461233004036,-0.250961573533219,2.19849415363908
"Il1f8",5.67412163263239,5.52669484554198,4.9481335778404,1.60407132366886,-0.748461233004036,-1.23266075679027,1.18903382439002,-1.01435529297707
"Il1f9",2.94110631094643,1.11769504266975,2.01077983875324,1.97819562968165,-0.485426827170242,1.13750352374994,-0.137503523749935,-0.150559676575381
"Il1r1",-0.7311832415722,-0.622930350920177,-1.64154602908752,-0.333423733725192,-1.790772037862,-2.02147972741045,-2.46466826700344,-2.42492208821069
"Il1r2",5.17112674665207,3.24792751344359,4.35825558670513,4.61588707391606,-0.443606651475615,2.99276843076892,0.613531652917927,-0.411426245726465
"Il1rap",-1.03562390973072,-1.08406426478847,-0.970853654340484,-1.0071955014042,-1.24488705912353,-1.54101915313356,-1.82374936030827,-1.58496250072116
"Il1rapl2",1.09761079662642,0.978195629681652,1.0703893278914,1.60407132366886,1.16992500144231,0.748461233004036,-0.250961573533219,1.01435529297707
"Il1rl1",-1.30451104180995,-1.02147972741045,-2.51349074558812,-1.0071955014042,-4.16188768237689,-2.57046293102604,-2.08065766334522,-2.62293035092018
"Il1rl2",-0.659924558402378,-0.475084882948783,-1.49569516262407,-0.422233000683048,-2.1407786557828,-2.65992455840238,-2.68481873755322,-3.26453643099903
"Il1rn",2.08406426478847,0.55581615506164,1.61353165291793,1.28688114778816,-0.31034012061215,1.87578006306849,-1.81147103052984,-0.111031312388744
"Il2",1.09761079662642,0.978195629681652,1.70929063572336,1.60407132366886,0.356143810225275,-0.070389327891398,-1.0703893278914,0.713695814843359
"Il20",1.09761079662642,0.978195629681652,1.0703893278914,1.60407132366886,1.16992500144231,0.748461233004036,-0.250961573533219,1.01435529297707
"Il20ra",0.815575428862573,0.887525270741587,0.150559676575381,1.39506279951758,-0.941106310946431,-1.36737106564853,-1.94110631094643,0.286881147788162
"Il21",1.09761079662642,0.978195629681652,1.0703893278914,1.60407132366886,1.16992500144231,0.748461233004036,-0.250961573533219,1.01435529297707
"Il21r",-0.111031312388744,-0.389566811762726,-1.73984810269933,-0.16349873228288,-0.7311832415722,-1.26303440583379,-1.790772037862,-0.565597175854225
"Il22",0.678071905112638,-0.176322772640463,0,0.0143552929770701,-1.0496307677246,-1.48026512205446,-1.76553474636298,-1.17632277264046
"Il22ra1",-1.44890095114513,-0.84799690655495,-1.20789285164133,-0.464668267003444,-2.96347412397489,-2.32768736417605,-2.22958792274065,-1.17632277264046
"Il22ra2",1.09761079662642,0.978195629681652,1.0703893278914,1.60407132366886,1.16992500144231,0.748461233004036,-0.250961573533219,1.01435529297707
"Il23a",2.16671544496642,0.22650852980868,0.495695162624069,-0.411426245726465,-0.389566811762726,-1.11769504266975,-2.11103131238874,-0.84799690655495
"Il23r",-0.879705766282288,-0.475084882948783,-1.78240856492737,-0.526068811667588,-2.26303440583379,-3.07724299893246,-3.36036427654347,-2.85598969730848
"Il24",1.09761079662642,0.978195629681652,1.0703893278914,1.9297909977186,1.16992500144231,1.95977015521147,-0.250961573533219,1.01435529297707
"Il27",0.16349873228288,-0.321928094887362,0.238786859587116,0.933572638261024,-1.88752527074159,-0.333423733725192,-1.66902676550963,-0.575312330687437
"Il2ra",-0.344828496997441,0,-1.27500704749987,0.0565835283663675,3.67694435910691,3.0496307677246,3.31034012061215,3.87282875953489
"Il2rb",-0.687060688339892,-1.11769504266975,-2.15704371014558,-0.815575428862572,-2.15704371014558,-3.18269229751619,-3.1586601753465,-2.114367024952
"Il2rg",-1.02856915219677,-1.28688114778816,-1.74846123300404,-1.0496307677246,-1.40053792958373,-1.85996954822103,-1.70487196445635,-1.25096157353322
"Il3",1.09761079662642,0.978195629681652,1.0703893278914,1.60407132366886,1.16992500144231,0.748461233004036,-0.250961573533219,1.01435529297707
"Il31",-1.4905701304462,-1.60880924267552,-1.51601514700366,0.070389327891398,0.925999418556223,0.505890929729957,-0.495695162624069,0.773996325111173
"Il31ra",1.14404636961671,1.15704371014558,1.4905701304462,1.38956681176273,-2.11769504266975,-1.58976348698498,-3.50842865253186,-2.27202318906105
"Il3ra",-0.863938450423972,-1.02147972741045,-1.56071495447448,-0.36737106564853,-1.31614574229336,-3.24792751344359,-2.34766565630097,-2.32768736417605
"Il4",-1.64616265715789,-1.28688114778816,-2.16992500144231,-0.505890929729957,-1.32768736417605,-1.51601514700366,-2.25096157353322,-0.799087306074004
"Il4ra",-0.137503523749935,-0.863938450423972,-1.59454854955035,-0.475084882948783,-1.94860084749336,-1.42223300068305,-2.13750352374994,-2.1243281350022
"Il5",-0.575312330687437,-0.650764559116902,-0.344828496997441,-1.13093086982645,-0.978195629681652,0.739848102699327,0.400537929583729,-0.831877241191673
"Il5ra",-0.37851162325373,-0.790772037862,-1.04264433740849,-0.641546029087524,-1.31614574229336,-1.38956681176273,-3.66334461936608,-2.40053792958373
"Il6",5.87208998933479,4.78555055173926,4.78711898281334,4.82832692641482,0.422233000683048,4.36737106564853,-2.33628338786443,1.23266075679027
"Il6ra",-0.659924558402378,-0.53605290024021,-1.60880924267552,-0.773996325111173,-1.68706068833989,-2.43295940727611,-2.1243281350022,-1.94860084749336
"Il6st",-0.659924558402378,-0.475084882948783,-1.03562390973072,-0.485426827170242,-1.97452931248388,-2.03562390973072,-2.61823865559545,-2.13093086982645
"Il7",-1.76977173924945,-1.30451104180995,-1.13093086982645,-1.67807190511264,-2.18903382439002,-2.93357263826102,-2.37295209791183,-2.59931779369823
"Il7r",0.604071323668861,-0.137503523749935,-0.895302621333307,0.27500704749987,-1.9560566524124,-2.13093086982645,-2.54843662469604,-2.74200621086674
"Il9",2.38956681176273,0.978195629681652,2.67129337248158,1.60407132366886,1.16992500144231,0.748461233004036,-0.250961573533219,1.53106949272595
"Il9r",0.214124805352847,-0.594548549550354,-1.18269229751619,-0.505890929729957,-3.29425313644451,-1.87578006306849,-2.44890095114513,-1.41683974191283
"Inha",-0.189033824390017,-0.505890929729957,-2.22032995487956,-0.604071323668861,-3.70708299177171,-3.68929916053589,-2.62993940943954,-2.14404636961671
"Inhba",0.584962500721156,0.526068811667588,0.344828496997441,0.432959407276106,-2.16027483140859,-1.76128527336162,-3.04614178164472,-0.6959938131099
"Inhbb",1.70929063572336,1.11103131238874,0.443606651475615,1.62760683812965,-2.6915341649192,-0.070389327891398,-1.65992455840238,-1.41142624572647
"Ins1",1.09761079662642,0.978195629681652,1.0703893278914,1.60407132366886,1.16992500144231,0.748461233004036,-0.250961573533219,1.14404636961671
"Ins2",2.22650852980868,0.887525270741587,2.0036022366802,1.52105073690096,0.505890929729957,0.070389327891398,-0.918386234446348,2.42492208821069
"Irf4",-0.948600847493355,-1.04264433740849,-2.07382023329167,-1.22032995487956,-3.45680614923047,-3.88655014732434,-3.90592847817313,-3.08746284125034
"Irf7",-0.286881147788162,-0.400537929583729,3.15055967657538,0.464668267003444,9.73482814663956,11.8367801993624,7.4568882675127,10.5772116520964
"Itgb2",-1.11769504266975,-1.38956681176273,-2.28983446517751,-1.1243281350022,-1.4276061727819,-1.38404980679516,-1.62760683812965,-1.17632277264046
"Itih4",-1.08406426478847,-1.90303827011291,-1.82781902461732,-1.28095631383106,-1.13750352374993,-0.807354922057604,-2.91838623444635,-1.25096157353322
"Kitl",-0.584962500721156,-0.150559676575381,-1.08406426478847,-0.16349873228288,-1.83592407425437,-2.1407786557828,-2.28392177230762,-1.79493566280354
"Kng1",1.09761079662642,0.978195629681652,1.0703893278914,1.60407132366886,-2.32192809488736,-2.74846123300404,-3.74200621086674,-2.47767732756531
"Lbp",-0.298658315564515,-0.887525270741588,-1.11769504266975,-0.632268215499513,-1.57046293102604,-1.11769504266975,-2.68481873755322,-1.94485844580754
"Lefty1",-1.16992500144231,-0.918386234446348,-2.07724299893246,-0.286881147788162,-1.62293035092018,-1.77399632511117,-0.124328135002202,-1.65992455840238
"Lefty2",1.68706068833989,0.722466024471091,1.08406426478847,0.250961573533219,1.16992500144231,2.15380533607904,-0.250961573533219,3.3533232911629
"Lepr",-0.799087306074004,-0.895302621333307,-1,-0.432959407276106,-1.84398384404833,-2.0036022366802,-1.73552217729654,-2.02502879449152
"Lif",0.992768430768924,0.189033824390017,-1.18269229751619,0.992768430768924,-1.25701061820602,-2.41413553298445,-1.85598969730848,-1.55090066464752
"Lifr",-1.22650852980868,-0.678071905112638,-1.29278174922785,-0.839959587489532,-2.14730669878029,-2.99276843076892,-3.13257684267001,-2.40871186102943
"Lta",1.44890095114513,-0.028569152196771,-1.13093086982645,-0.137503523749935,-0.604071323668861,-0.887525270741588,-1.68257329734758,-2.10097764772482
"Ltb",-0.855989697308481,-0.970853654340484,-2.22958792274065,-1.11769504266975,-1.28688114778816,-2.19219416528334,-1.40599235967584,-1.83592407425437
"Ltb4r1",-0.713695814843359,-0.7311832415722,-0.941106310946431,-0.028569152196771,-2.22958792274065,-2.65535182861255,-3.39506279951758,-1.60407132366886
"Ly75",-1.08406426478847,-1.16349873228288,-1.25701061820602,-1.28688114778816,-2.26603689399532,-2.52105073690096,-2.72246602447109,-3.13914201914569
"Ly86",-0.641546029087524,-0.565597175854225,0.389566811762726,-0.028569152196771,-1.14404636961671,-0.516015147003665,-0.53605290024021,-0.887525270741588
"Ly96",-1.37295209791183,-0.978195629681652,-1.87184364850932,-0.765534746362977,-1.20789285164133,-2.10433665981474,-1.799087306074,-1.47508488294878
"Mdk",-0.831877241191673,-0.475084882948783,-0.855989697308481,0.0143552929770701,-2.0036022366802,-2.0036022366802,-0.956056652412403,-2.17312743348066
"Mefv",1.24488705912353,0.356143810225275,0.678071905112638,0.970853654340484,-1.81966818349646,0.321928094887362,-1.63226821549951,-1.53605290024021
"Mgll",-1.52606881166759,-1.04264433740849,-2.44360665147561,-1.28688114778816,-2.07382023329167,-2.52857131887076,-2.68929916053589,-2.22342254993494
"Mif",-0.250961573533219,-0.526068811667588,-0.505890929729957,0.22650852980868,-1.68257329734758,-0.7311832415722,-0.722466024471091,-1.43829285157915
"Mmp25",0.31034012061215,-0.0143552929770701,1.55581615506164,1.0071955014042,-0.400537929583729,1.11769504266975,-0.137503523749935,0.20163386116965
"Mpl",1.54101915313356,-0.16349873228288,1.30451104180995,0.6959938131099,-3.33485426933163,-0.722466024471091,-2.57288966842058,-1.63226821549951
"Mstn",1.44890095114513,1.20163386116965,3.114367024952,1.56071495447448,-5.54225804976692,-6.13934670028966,-3.39643353125099,-3.26153081524341
"Muc4",-0.214124805352847,-0.978195629681652,-1.22032995487956,-0.887525270741588,4.74899785009815,4.44691786486603,2.0036022366802,4.03650333373899
"Myd88",0.298658315564515,-0.37851162325373,-0.0143552929770701,0.526068811667588,-0.978195629681652,-0.713695814843359,-3.3305584000308,-2.16992500144231
"Mydgf",-1,-1.15055967657538,-0.879705766282288,-0.704871964456353,-1.97819562968165,-1.4541758931858,-0.669026765509631,-1.47508488294878
"Nampt",-0.250961573533219,-0.238786859587116,0.823749360308273,-0.613531652917927,-1.11103131238874,0.137503523749935,-0.895302621333307,-0.925999418556223
"Nfam1",0.0840642647884745,-0.0426443374084937,0.0565835283663675,0.594548549550354,-0.0426443374084937,-0.389566811762726,-1.46466826700344,-0.0840642647884746
"Nfatc3",-1.40599235967584,-1.1243281350022,-2.43562859405209,-1.4594316186373,-1.73552217729654,-3.20006486151431,-2.67581593117227,-2.78659636189081
"Nfatc4",-1.74846123300404,-0.863938450423972,-1.90303827011291,-0.505890929729957,-2.23572705983806,-1.58496250072116,-1.85199883711245,-1.46466826700344
"Nfe2l1",-1.48542682717024,-1.29865831556452,-2.22958792274065,-1.63691458035588,-2.114367024952,-2.81352468929781,-2.799087306074,-2.6959938131099
"Nfkb1",-0.678071905112638,-0.918386234446348,-1.23266075679027,-0.505890929729957,-1.13093086982645,-0.863938450423972,-0.687060688339892,-1.76128527336162
"Nfrkb",-0.933572638261024,-0.748461233004036,-1.27500704749987,-0.659924558402378,-1.28688114778816,-2.14404636961671,-2.40599235967584,-2.02856915219677
"Nfx1",-1.22650852980868,-0.910732661902913,-1.64154602908752,-0.790772037862,-2.09423606984577,-1.64616265715789,-1.68257329734758,-2.41142624572647
"Nlrp12",1.73552217729654,0.948600847493356,1.50589092972996,1.42223300068305,-2.31324585178756,-0.475084882948783,-3.73226919950145,-2.46727948045998
"Nmi",-0.722466024471091,-1.06350294230616,0.831877241191673,-0.124328135002202,-1.59454854955035,0.137503523749935,-1.06350294230616,-1.33913738491959
"Nodal",-0.344828496997441,-0.53605290024021,0.622930350920177,-0.970853654340484,1.16992500144231,0.748461233004036,-0.150559676575381,1.13750352374994
"Nos2",-0.16349873228288,2.17312743348066,-0.773996325111173,0.070389327891398,-0.22650852980868,0.176322772640463,0.713695814843359,0.632268215499513
"Nr3c1",-2.04614178164472,-1.72246602447109,-1.70487196445635,-1.98185265328974,-1.87578006306849,-2.84599177066457,-2.53605290024021,-2.46988597627446
"Nrg1",-1.13093086982645,-0.839959587489532,-1.09761079662642,-0.475084882948783,-2.10768786931437,-0.799087306074004,-1.05658352836637,-2.26002565596146
"Ntf3",-1.67355642399014,-1.05658352836637,-2.44360665147561,-1.43829285157915,-2.82578562746479,-2.83592407425437,-2.88362081628567,-2.65992455840238
"Olr1",-0.918386234446348,-0.321928094887362,-0.985500430304885,-0.432959407276106,-0.214124805352847,-0.37851162325373,-1.95977015521147,-1.21412480535285
"Osm",1.35049724708413,0,-0.176322772640463,1.4905701304462,-1.46988597627446,1.02147972741045,-2.611172380044,-2.63691458035588
"Osmr",-0.613531652917927,-0.495695162624069,-0.400537929583729,-0.0426443374084937,-1.87184364850932,-0.941106310946431,-1.62293035092018,-1.99276843076892
"Parp4",-1.10433665981474,-0.918386234446348,-1.29278174922785,-0.443606651475615,-1.53106949272595,-1.18903382439002,-1.13750352374993,-1.63226821549951
"Pdgfa",-1.41142624572647,-1.03562390973072,-1.71808758396052,-0.992768430768924,-2.71369581484336,-2.7158933705476,-1.73984810269933,-2.46727948045998
"Pdgfb",-2.4541758931858,-1.92599941855622,-3.78240856492737,-1.75702324650746,-2.32768736417605,-2.92599941855622,-2.48800077083407,-2.58976348698498
"Pdgfc",-0.545968369105293,-0.678071905112638,-1.25096157353322,-1.89530262133331,-3.77925972037238,-3.31614574229336,-2.81352468929781,-3.23572705983806
"Pf4",-2.0496307677246,-2.22650852980868,-1.85598969730848,-1.92599941855622,6.85798099512757,7.71616782979715,7.48711649557446,7.30624400903441
"Pglyrp1",1.23878685958712,-0.150559676575381,0.189033824390017,0.356143810225275,-0.641546029087524,0.321928094887362,-1.13093086982645,-0.632268215499513
"Pla2g2d",-1.23266075679027,-0.286881147788162,-1.15704371014558,-2.114367024952,-2.78450398292957,-4.16671544496642,-2.0036022366802,-2.04614178164472
"Pla2g7",0.31034012061215,-0.6959938131099,0.0143552929770701,0.0285691521967709,-1.27500704749987,-0.31034012061215,-1.24488705912353,-1.88752527074159
"Ppbp",-3.24944534108584,-2.86591881455221,-0.613531652917927,-2.32192809488736,-3.37295209791183,-3.59931779369823,-3.06004738366994,-2.82984955984469
"Prdx5",-0.985500430304885,-0.992768430768924,-1.02856915219677,-0.722466024471091,-1.790772037862,-0.992768430768924,-1.35614381022528,-1.90689059560852
"Prg2",2.53605290024021,0.941106310946431,2.60880924267552,3.05484847699562,-1.85199883711245,-1.34482849699744,-1.26903314645524,-0.925999418556223
"Prg3",1.25096157353322,-0.0426443374084937,2.0496307677246,0.7311832415722,-0.263034405833794,-0.687060688339892,0.333423733725192,-0.422233000683048
"Prl",1.36737106564853,-0.6959938131099,-0.604071323668861,-0.070389327891398,1.16992500144231,0.748461233004036,-0.250961573533219,1.01435529297707
"Prlr",0.0976107966264223,0.53605290024021,0.704871964456353,0.27500704749987,-0.411426245726465,-0.956056652412403,-1.07724299893246,-0.53605290024021
"Procr",-0.823749360308273,-0.773996325111173,-1.65535182861255,-0.594548549550354,-2.3533232911629,-1.52105073690096,-1.29865831556452,-1.78659636189081
"Prok2",2.47508488294878,1.09085343045111,-0.545968369105293,1.30451104180995,1.16992500144231,6.60940039000643,-0.250961573533219,1.01435529297707
"Ptafr",-0.344828496997441,-1.31614574229336,-1.25096157353322,-0.443606651475615,-0.36737106564853,0.765534746362977,-1.64154602908752,-0.815575428862572
"Ptgs2",-0.028569152196771,-0.22650852980868,-0.84799690655495,0.22650852980868,-1.71808758396052,-2.06350294230616,-2.56559717585423,-2.4931349223055
"Ptn",0.516015147003665,0.594548549550354,0.918386234446348,-0.422233000683048,-1.0496307677246,-2.51601514700366,0.150559676575381,-0.992768430768924
"Ptpra",-1.30451104180995,-1.36737106564853,-1.6959938131099,-1.05658352836637,-2.31324585178756,-2.03210084316702,-1.51601514700366,-2.4931349223055
"Ptx3",2.39780296186249,2.58976348698498,1.18903382439002,2.26002565596146,-1.24488705912353,0.0976107966264223,-1.89917563048051,-1.58014548442338
"Pxmp2",-1.13093086982645,-0.650764559116902,-1.17632277264046,-1.02856915219677,-2.21723071622067,-2.76977173924945,-2.15704371014558,-2.31034012061215
"Reg3a",1.41683974191283,0.978195629681652,2.31903981556254,1.60407132366886,1.16992500144231,1.98550043030488,-0.250961573533219,3.16027483140859
"Reg3g",1.16992500144231,0.0143552929770701,1.07724299893246,-1.36176835941915,-0.298658315564515,-1.22032995487956,-2.91838623444635,-0.505890929729957
"Ripk2",-0.0840642647884746,-0.799087306074004,-0.485426827170242,0.0976107966264223,-1.61353165291793,-0.839959587489532,-0.6959938131099,-1.50080205305716
"S100a11",0.823749360308273,0.526068811667588,-0.16349873228288,0.933572638261024,-1.78240856492737,-0.411426245726465,-1.13093086982645,-1.84398384404833
"S100a8",2.65535182861255,0.55581615506164,1.25096157353322,2.35049724708413,-1.33913738491959,3.73984810269933,-1.96347412397489,-0.422233000683048
"S100b",0.422233000683048,-0.124328135002202,0.356143810225275,-0.333423733725192,-3.16349873228288,-5.03077747199254,-2.57773093149008,-3.12267271882414
"Saa4",1.09761079662642,2.20789285164133,1.0703893278914,1.60407132366886,1.50589092972996,1.93357263826102,-0.250961573533219,1.01435529297707
"Scg2",1.09761079662642,1.40053792958373,2.23266075679027,1.60407132366886,-0.7311832415722,-1.34482849699744,-1.15704371014558,-1.02147972741045
"Scube1",-1.75702324650746,-1.23266075679027,-2.68032435684402,-1.48542682717024,-1.46988597627446,-1.53106949272595,-1.40599235967584,-1.73552217729654
"Sdcbp",-0.250961573533219,-0.333423733725192,-0.613531652917927,0.111031312388744,-2.04614178164472,-1.59454854955035,-1.53605290024021,-2.26903314645524
"Sectm1b",1.28688114778816,-0.6959938131099,1.13093086982645,1.36737106564853,1.16992500144231,0.782408564927373,-0.250961573533219,1.46988597627446
"Sele",-4.8499992594661,0.985500430304885,1.28095631383106,2.52105073690096,0.333423733725192,0.250961573533219,-2.40053792958373,-0.815575428862572
"Serpina1a",2.30451104180995,2.15704371014558,2.48800077083407,1.60407132366886,1.16992500144231,0.748461233004036,-0.250961573533219,1.01435529297707
"Serpina3n",0.839959587489532,-0.150559676575381,-0.137503523749935,0.622930350920177,0.0840642647884745,2.76977173924945,-2.07724299893246,0.286881147788162
"Serpinf2",0.124328135002202,-0.0565835283663676,-0.475084882948783,0.0426443374084937,-1.82781902461732,-1.95977015521147,-2.799087306074,-1.55090066464752
"Sftpd",0.678071905112638,0.356143810225275,0.250961573533219,0.918386234446348,-1.44360665147561,-0.464668267003444,-1.25701061820602,-1.50589092972996
"Sigirr",-1.16349873228288,-0.37851162325373,-1.4594316186373,-0.765534746362977,-1.93357263826102,-2.02856915219677,-1.53605290024021,-2.17951105027151
"Siglec1",-1.16992500144231,-0.214124805352847,-0.356143810225275,-1.58496250072116,0.0143552929770701,-1.09761079662642,-2.48026512205446,-0.20163386116965
"Siva1",-1.33342373372519,-1.26303440583379,-1.90303827011291,-0.622930350920177,-1.4276061727819,-0.773996325111173,0.0565835283663675,-1.1243281350022
"Slco1a4",-1.83592407425437,-0.925999418556223,-2.4931349223055,-0.84799690655495,-1.03562390973072,-1.50589092972996,-2.49825086752783,-0.622930350920177
"Slurp1",-1.18269229751619,-0.823749360308273,-1.23266075679027,-0.400537929583729,-1.83995958748953,-1.33342373372519,-0.495695162624069,-1.60880924267552
"Socs2",-1.13093086982645,-1.13093086982645,-0.84799690655495,-0.782408564927373,-2.50842865253186,-1.91456452349394,-2.07724299893246,-1.92219784839637
"Spaca3",-0.75702324650746,-0.879705766282288,-0.790772037862,-0.250961573533219,1.16992500144231,0.748461233004036,0.367371065648529,1.01435529297707
"Spp1",-1.27500704749987,-1.35614381022528,-1.43295940727611,-0.748461233004036,-0.963474123974886,0.790772037862,-0.070389327891398,-0.189033824390017
"Spred1",-1.56071495447448,-1.33913738491959,-1.9297909977186,-0.948600847493355,-1.85598969730848,-2.34482849699744,-2.08065766334522,-1.81147103052984
"Srgap1",-0.887525270741588,-1.06350294230616,-1.70929063572336,-0.970853654340484,-2.0071955014042,-2.58014548442338,-2.45680614923047,-2.91838623444635
"Stab1",-1.01435529297707,-0.632268215499513,-1.75274859140713,-0.37851162325373,-2.18903382439002,-2.22958792274065,-1.31034012061215,-2.20789285164133
"Stat3",-0.855989697308481,-0.918386234446348,-1.41683974191283,-0.765534746362977,-1.32192809488736,-1.29865831556452,-1.799087306074,-1.67807190511264
"Syk",-0.238786859587116,-0.659924558402378,-1.8073549220576,-0.839959587489532,-3.07724299893246,-4.24792751344359,-4.20633064787105,-3.09761079662642
"Tacr1",-1.20163386116965,0.111031312388744,-0.214124805352847,-0.613531652917927,-2.31034012061215,-2.78240856492737,-3.71149490665009,-2.12763327972587
"Thpo",-0.432959407276106,-0.028569152196771,0.176322772640463,0.0840642647884745,2.92029330021101,3.19534759832222,2.78659636189081,3.6564963705535
"Tirap",-1.13750352374993,-0.722466024471091,-1.98185265328974,-0.799087306074004,-2.17632277264046,-2.62527048937469,-2.77610398807316,-2.64846544302731
"Tlr1",-0.0976107966264223,-0.0143552929770701,-0.238786859587116,0.0840642647884745,-0.815575428862572,0.20163386116965,0,0.0285691521967709
"Tlr2",0.0285691521967709,-1.04264433740849,-0.400537929583729,0.0143552929770701,-1.35049724708413,-0.454175893185802,-2.26603689399532,-2.13422093976063
"Tlr3",-0.918386234446348,-1.44360665147561,0.53605290024021,-1.05658352836637,-0.739848102699327,0.150559676575381,-0.815575428862572,-1.24488705912353
"Tlr4",-1.33913738491959,-1.01435529297707,-1.6959938131099,-1.21412480535285,-1.76128527336162,-2.54596836910529,-3.09254574154357,-2.48026512205446
"Tlr5",-0.963474123974886,-0.475084882948783,-1.32192809488736,-0.879705766282288,-1.60880924267552,-2.877744249949,-2.55826763405574,-2.62293035092018
"Tlr6",-1.39506279951758,-1.58976348698498,-2.77399632511117,-1.4541758931858,-1.24488705912353,-1.65992455840238,-2.81557542886257,-1.37295209791183
"Tlr7",0.22650852980868,0.669026765509631,1.36737106564853,0.0840642647884745,0,-1.11103131238874,-1.4905701304462,-0.879705766282288
"Tlr8",-1,-0.650764559116902,-1.61823865559545,-0.84799690655495,-0.485426827170242,-1.1243281350022,-1,-1.40053792958373
"Tlr9",-1.799087306074,-1.17632277264046,-0.7311832415722,-2.27798474729977,-1.34482849699744,-2.65535182861255,-3.99276843076892,-2.05658352836637
"Tnf",1.4541758931858,-0.704871964456353,0.137503523749935,0.53605290024021,2.8972404255748,3.5837597536395,0.687060688339892,1.61353165291793
"Tnfaip6",0.250961573533219,0.238786859587116,0.150559676575381,-0.0143552929770701,-1.48542682717024,-0.485426827170242,-1.19534759832222,-1.73984810269933
"Tnfrsf11b",-2.02502879449152,-1.72683121703249,-2.44625622988956,-1.61353165291793,-2.4594316186373,-3.12928301694497,-2.27500704749987,-2.95233356636969
"Tnfsf10",-2.43295940727611,-1.46988597627446,-0.454175893185802,-1.35614381022528,-0.799087306074004,-1.41683974191283,-1.46466826700344,-1.06350294230616
"Tnfsf11",0.918386234446348,0.799087306074004,0.0285691521967709,0.189033824390017,1.4594316186373,0.659924558402378,2.23878685958712,2.97269265400426
"Tnfsf13",-2.37851162325373,-1.57531233068744,-2.51853513898218,-1.85199883711245,-2.15055967657538,-2.46988597627446,-2.17632277264046,-2.03913839390696
"Tnfsf13b",-1.0496307677246,-1.28688114778816,-1.52606881166759,-0.956056652412403,-0.704871964456353,-0.918386234446348,-0.963474123974886,-1.07724299893246
"Tnfsf14",0.238786859587116,-1.4276061727819,-1.13750352374993,0.137503523749935,-1.58496250072116,-0.189033824390017,-1.55581615506164,-1.0071955014042
"Tnfsf15",-1.81557542886257,-1.67355642399014,-2.85798099512757,-1.0496307677246,-1.80322703643493,-3.39780296186249,-2.84799690655495,-2.26002565596146
"Tnfsf18",-0.7311832415722,-0.659924558402378,-1.90689059560852,-1.15704371014558,-1.6915341649192,-2.114367024952,-1.07724299893246,-1.66448284036468
"Tnfsf4",0.20163386116965,-0.748461233004036,-0.659924558402378,-0.124328135002202,-0.028569152196771,-0.454175893185802,-1.44890095114513,-0.189033824390017
"Tnfsf8",0.250961573533219,-0.286881147788162,-1.04264433740849,-1.0071955014042,-0.070389327891398,0.124328135002202,-1.20163386116965,1.81966818349646
"Tnfsf9",1.1243281350022,-0.36737106564853,-0.070389327891398,0.545968369105292,-4.86987140617771,-2.05311133645956,-3.31469652565629,-4.12680770314203
"Tollip",-1.51096191927738,-1.23878685958712,-2.18903382439002,-1.31034012061215,8.06231602735572,7.55128529101704,7.41193462479118,7.85293518595925
"Tpst1",-1.51096191927738,-1.22032995487956,-1.71808758396052,-1.36737106564853,-1.92599941855622,-2.19219416528334,-1.46466826700344,-2.28983446517751
"Trap1",-1.91456452349394,-1.76553474636298,-2.34766565630097,-1.74416109557041,-2.08406426478847,-2.16671544496642,-2.29865831556452,-2.61823865559545
"Ttn",1.30451104180995,1.15704371014558,1.53605290024021,-0.0426443374084937,-1.91838623444635,-4.02147972741045,-1.50080205305716,-2.33913738491959
"Tymp",-2.25398926623079,-1.07724299893246,-3.17312743348066,-1.75702324650746,-3.54843662469604,-3.90689059560852,-4.19849415363908,-2.47508488294878
"Vegfa",0.0976107966264223,0.37851162325373,-0.250961573533219,0.739848102699327,-1.73552217729654,-1.62760683812965,-1.59454854955035,-1.73984810269933
"Vegfb",-1.0071955014042,-1.11769504266975,-1.56559717585423,-1.18269229751619,-2.0036022366802,-3.41142624572647,-2.59693514238723,-2.39231742277876
"Vps45",-1.48026512205446,-1.0071955014042,-1.98185265328974,-1.22032995487956,-2.10433665981474,-1.92599941855622,-1.66902676550963,-2.48026512205446
"Xcl1",0.344828496997441,-0.16349873228288,0.956056652412403,-0.238786859587116,-1.73984810269933,-2.08746284125034,-1.01435529297707,-0.443606651475615
"Xcr1",-2.21101219348551,-0.782408564927373,-1.41142624572647,-0.485426827170242,-1.33913738491959,-4.834407841807,-1.71369581484336,-1.40599235967584
"Yars",-0.422233000683048,-1.33342373372519,-2.20789285164133,-0.704871964456353,-1.79493566280354,-2.33342373372519,-2.76977173924945,-2.59693514238723
